{
  "rooms":[
  {
    "id":"room1",
    "desc":"On the wall are these words in red: KILL ALL MONSTERS OR DIE. There is a door to the east.",
    "e":"room2",
    "s":"",
    "w":"",
    "n":"",
    "obj":["gun"]
  },
  {
    "id":"room2",
    "desc":"You are in another room.",
    "e":"",
    "s":"",
    "w":"room1",
    "n":"",
    "obj":[]
  }
  ],
  "enemies":[
  {
    "id":"zombie",
    "initialroom":"room2",
    "killedby":["gun"]
  }
  ],
  "player":{
    "initialroom":"room1"
  }
}

