{
  "rooms": [
    {
      "id": "lobby",
      "desc": "A sign on a wall says 'I know that's not how you kill that big guy, your lecturer just didn't have time to make up another story.' You have no idea what it is talking about. There is a door to the south.",
      "e": "",
      "s": "gunroom",
      "w": "",
      "n": "",
      "obj": []
    },
    {
      "id": "gunroom",
      "desc": "You thought you walked south into this room, but the door behind you disappear immediately after you walked through! There is another door to the south.",
      "e": "",
      "s": "catroom",
      "w": "",
      "n": "",
      "obj": [
        "gun",
        "bullet"
      ]
    },
    {
      "id": "catroom",
      "desc": "Again, it seems you can't walk back to the room you came from. There is a door to the south.",
      "e": "",
      "s": "architect",
      "w": "",
      "n": "",
      "obj": [
        "cat",
        "red gem"
      ]
    },
    {
      "id": "architect",
      "desc": "You are in a white room with many TV screens. An old man turns around and says 'I am the architect...' he goes on to speak in a very monotone voice and with many unnecessarily complex words so I'll skip all that. Anyway there are two doors, one to the east and one to the west.",
      "e": "agentroom",
      "s": "",
      "w": "lobby",
      "n": "",
      "obj": []
    },
    {
      "id": "agentroom",
      "desc": "There is a door to the east.",
      "e": "titan",
      "s": "",
      "w": "",
      "n": "",
      "obj": [
        "green gem"
      ]
    },
    {
      "id": "titan",
      "desc": "This room has no exit. Something tells you that what's in front of you must be the big bad.",
      "e": "",
      "s": "",
      "w": "",
      "n": "",
      "obj": [
        "blue gem"
      ]
    }
  ],
  "enemies": [
    {
      "id": "agent",
      "initialroom": "agentroom",
      "killedby": [
        "gun",
        "bullet"
      ]
    },
    {
      "id": "big guy",
      "initialroom": "titan",
      "killedby": [
        "red gem",
        "green gem",
        "blue gem"
      ]
    }
  ],
  "player": {
    "initialroom": "lobby"
  }
}